{
  "computed_at": "2026-05-28T14:32:51Z",
  "config": {
    "n_meters_per_class": 25,
    "n_folds_per_meter": 3,
    "train_window_days": 60,
    "horizon_steps": 48,
    "fcst_n_lags": 192,
    "lgbm_meters": 8,
    "lgbm_train_days": 90
  },
  "sample": {
    "n_meters": 50,
    "n_rs": 25,
    "n_rp": 25,
    "n_folds_per_meter": 3,
    "total_evaluations": 150
  },
  "models": {
    "ridge": {
      "mae_mean": 0.6470374353404683,
      "mae_std": 0.39138587981915174,
      "rmse_mean": 0.975225632148126,
      "n_obs": 150,
      "mae_per_horizon": [
        0.5892,
        0.6925,
        0.6355,
        0.6275,
        0.5802,
        0.4769,
        0.6331,
        0.5179,
        0.4909,
        0.4763,
        0.4948,
        0.5333,
        0.599,
        0.5781,
        0.4902,
        0.5944,
        0.6677,
        0.6029,
        0.6755,
        0.6113,
        0.8637,
        0.676,
        0.9969,
        0.8531,
        0.8077,
        0.7865,
        0.8421,
        0.5691,
        0.7514,
        0.5664,
        0.6792,
        0.5682,
        0.6406,
        0.618,
        0.84,
        0.7216,
        0.6274,
        0.6906,
        0.5555,
        0.5879,
        0.6336,
        0.6498,
        0.7283,
        0.6949,
        0.6519,
        0.5735,
        0.7635,
        0.5529
      ]
    },
    "nlinear": {
      "mae_mean": 0.6055718068377962,
      "mae_std": 0.3851306029091239,
      "rmse_mean": 0.9449848180026674,
      "n_obs": 150,
      "mae_per_horizon": [
        0.5353,
        0.6701,
        0.6254,
        0.5632,
        0.4765,
        0.4115,
        0.5649,
        0.4735,
        0.4436,
        0.4378,
        0.4609,
        0.4596,
        0.5144,
        0.5313,
        0.4474,
        0.5638,
        0.5933,
        0.6015,
        0.6593,
        0.5654,
        0.899,
        0.7355,
        0.9516,
        0.8599,
        0.7405,
        0.7404,
        0.7619,
        0.5112,
        0.694,
        0.5165,
        0.6184,
        0.5281,
        0.6358,
        0.5934,
        0.8034,
        0.695,
        0.5761,
        0.5975,
        0.4948,
        0.5246,
        0.5999,
        0.6098,
        0.6973,
        0.6212,
        0.6419,
        0.5739,
        0.6969,
        0.5505
      ]
    },
    "naive_last_day": {
      "mae_mean": 0.7075468331558923,
      "mae_std": 0.5047960397987343,
      "rmse_mean": 1.1871415926867965,
      "n_obs": 150,
      "mae_per_horizon": [
        0.7951,
        0.8785,
        0.723,
        0.7023,
        0.5626,
        0.5011,
        0.6575,
        0.5804,
        0.5272,
        0.5448,
        0.468,
        0.5065,
        0.6384,
        0.5625,
        0.4608,
        0.6439,
        0.7172,
        0.6907,
        0.7569,
        0.6605,
        1.0491,
        0.829,
        1.1723,
        0.9834,
        0.8659,
        0.8547,
        0.9238,
        0.531,
        0.8217,
        0.6935,
        0.6729,
        0.5506,
        0.7377,
        0.6969,
        0.9768,
        0.804,
        0.6969,
        0.7301,
        0.5817,
        0.6405,
        0.7362,
        0.6884,
        0.7215,
        0.7169,
        0.638,
        0.6677,
        0.8279,
        0.5759
      ]
    },
    "lgbm": {
      "mae_mean": 0.5855529240395454,
      "mae_std": 0.24107606004459775,
      "rmse_mean": 0.913729626764153,
      "n_obs": 24,
      "mae_per_horizon": [
        0.553,
        1.0681,
        0.7129,
        0.5264,
        0.6302,
        0.503,
        0.5883,
        0.6246,
        0.7039,
        0.5453,
        0.5046,
        0.4635,
        0.785,
        0.4334,
        0.332,
        0.2934,
        0.3646,
        0.3557,
        0.3741,
        0.7214,
        0.7827,
        0.6969,
        0.8911,
        0.7385,
        0.6042,
        0.5168,
        0.6612,
        0.515,
        0.6115,
        0.3932,
        0.3267,
        0.3363,
        0.6064,
        0.597,
        0.8707,
        0.9016,
        0.3539,
        0.5947,
        0.3917,
        0.3751,
        0.4715,
        0.6519,
        1.3875,
        0.7255,
        0.6817,
        0.4753,
        0.4686,
        0.396
      ],
      "_note": "LGBMv2 DMSF, 8 RP x 3 folds, train=90j (cout eleve)"
    }
  },
  "win_rates_vs_naive_weekly": {
    "ridge": {
      "vs_naive_weekly": 0.66,
      "n_compared": 150,
      "median_gain_pct": 16.577862771454715
    },
    "nlinear": {
      "vs_naive_weekly": 0.7933333333333333,
      "n_compared": 150,
      "median_gain_pct": 23.500961321705052
    },
    "naive_last_day": {
      "vs_naive_weekly": 0.6133333333333333,
      "n_compared": 150,
      "median_gain_pct": 10.242492477193245
    },
    "lgbm": {
      "vs_naive_weekly": 0.9583333333333334,
      "n_compared": 24,
      "median_gain_pct": 29.590415575323654
    }
  }
}